game_id,round_in_game,round_overall,move_a,move_b,move_a_name,move_b_name,outcome
1,1,1,p,p,Paper,Paper,Tie
1,2,2,p,p,Paper,Paper,Tie
1,3,3,s,x,Rock,Scissors,A_win
1,4,4,x,s,Scissors,Rock,B_win
1,5,5,p,x,Paper,Scissors,B_win
1,6,6,p,x,Paper,Scissors,B_win
2,1,7,x,s,Scissors,Rock,B_win
2,2,8,p,s,Paper,Rock,A_win
2,3,9,p,s,Paper,Rock,A_win
2,4,10,x,x,Scissors,Scissors,Tie
2,5,11,p,x,Paper,Scissors,B_win
2,6,12,s,x,Rock,Scissors,A_win
3,1,13,x,s,Scissors,Rock,B_win
3,2,14,p,p,Paper,Paper,Tie
3,3,15,s,s,Rock,Rock,Tie
3,4,16,s,x,Rock,Scissors,A_win
3,5,17,x,p,Scissors,Paper,A_win
3,6,18,p,p,Paper,Paper,Tie
3,7,19,p,p,Paper,Paper,Tie
3,8,20,p,p,Paper,Paper,Tie
3,9,21,x,x,Scissors,Scissors,Tie
3,10,22,p,x,Paper,Scissors,B_win
3,11,23,p,x,Paper,Scissors,B_win
4,1,24,x,x,Scissors,Scissors,Tie
4,2,25,x,x,Scissors,Scissors,Tie
4,3,26,x,x,Scissors,Scissors,Tie
4,4,27,s,s,Rock,Rock,Tie
4,5,28,x,x,Scissors,Scissors,Tie
4,6,29,s,p,Rock,Paper,B_win
4,7,30,x,x,Scissors,Scissors,Tie
4,8,31,x,s,Scissors,Rock,B_win
4,9,32,x,x,Scissors,Scissors,Tie
4,10,33,p,p,Paper,Paper,Tie
4,11,34,x,x,Scissors,Scissors,Tie
4,12,35,p,s,Paper,Rock,A_win
4,13,36,x,x,Scissors,Scissors,Tie
4,14,37,p,p,Paper,Paper,Tie
4,15,38,x,x,Scissors,Scissors,Tie
4,16,39,s,x,Rock,Scissors,A_win
4,17,40,x,x,Scissors,Scissors,Tie
4,18,41,s,s,Rock,Rock,Tie
4,19,42,x,x,Scissors,Scissors,Tie
4,20,43,x,p,Scissors,Paper,A_win
5,1,44,x,s,Scissors,Rock,B_win
5,2,45,p,s,Paper,Rock,A_win
5,3,46,p,x,Paper,Scissors,B_win
5,4,47,p,x,Paper,Scissors,B_win
6,1,48,p,p,Paper,Paper,Tie
6,2,49,s,x,Rock,Scissors,A_win
6,3,50,x,s,Scissors,Rock,B_win
6,4,51,p,x,Paper,Scissors,B_win
6,5,52,s,s,Rock,Rock,Tie
6,6,53,s,s,Rock,Rock,Tie
6,7,54,s,s,Rock,Rock,Tie
6,8,55,x,p,Scissors,Paper,A_win
6,9,56,p,s,Paper,Rock,A_win
7,1,57,s,p,Rock,Paper,B_win
7,2,58,s,x,Rock,Scissors,A_win
7,3,59,p,p,Paper,Paper,Tie
7,4,60,s,x,Rock,Scissors,A_win
7,5,61,x,p,Scissors,Paper,A_win
8,1,62,p,p,Paper,Paper,Tie
8,2,63,p,s,Paper,Rock,A_win
8,3,64,x,x,Scissors,Scissors,Tie
8,4,65,p,s,Paper,Rock,A_win
8,5,66,x,x,Scissors,Scissors,Tie
8,6,67,s,p,Rock,Paper,B_win
8,7,68,x,p,Scissors,Paper,A_win
9,1,69,p,x,Paper,Scissors,B_win
9,2,70,p,s,Paper,Rock,A_win
9,3,71,p,x,Paper,Scissors,B_win
9,4,72,s,x,Rock,Scissors,A_win
9,5,73,p,x,Paper,Scissors,B_win
10,1,74,s,x,Rock,Scissors,A_win
10,2,75,p,p,Paper,Paper,Tie
10,3,76,x,s,Scissors,Rock,B_win
10,4,77,x,x,Scissors,Scissors,Tie
10,5,78,s,s,Rock,Rock,Tie
10,6,79,s,x,Rock,Scissors,A_win
10,7,80,p,x,Paper,Scissors,B_win
11,1,81,p,p,Paper,Paper,Tie
11,2,82,p,p,Paper,Paper,Tie
11,3,83,p,p,Paper,Paper,Tie
11,4,84,s,p,Rock,Paper,B_win
11,5,85,x,x,Scissors,Scissors,Tie
11,6,86,s,p,Rock,Paper,B_win
11,7,87,s,p,Rock,Paper,B_win
12,1,88,x,p,Scissors,Paper,A_win
12,2,89,s,s,Rock,Rock,Tie
12,3,90,x,s,Scissors,Rock,B_win
12,4,91,p,p,Paper,Paper,Tie
12,5,92,s,p,Rock,Paper,B_win
12,6,93,x,x,Scissors,Scissors,Tie
12,7,94,p,s,Paper,Rock,A_win
12,8,95,x,p,Scissors,Paper,A_win
13,1,96,x,s,Scissors,Rock,B_win
13,2,97,p,p,Paper,Paper,Tie
13,3,98,p,x,Paper,Scissors,B_win
13,4,99,p,p,Paper,Paper,Tie
13,5,100,p,x,Paper,Scissors,B_win
14,1,101,p,p,Paper,Paper,Tie
14,2,102,x,p,Scissors,Paper,A_win
14,3,103,p,x,Paper,Scissors,B_win
14,4,104,p,p,Paper,Paper,Tie
14,5,105,x,s,Scissors,Rock,B_win
14,6,106,s,x,Rock,Scissors,A_win
14,7,107,p,p,Paper,Paper,Tie
14,8,108,x,x,Scissors,Scissors,Tie
14,9,109,p,s,Paper,Rock,A_win
15,1,110,p,x,Paper,Scissors,B_win
15,2,111,s,x,Rock,Scissors,A_win
15,3,112,s,s,Rock,Rock,Tie
15,4,113,s,p,Rock,Paper,B_win
15,5,114,s,x,Rock,Scissors,A_win
15,6,115,s,p,Rock,Paper,B_win
16,1,116,p,p,Paper,Paper,Tie
16,2,117,x,p,Scissors,Paper,A_win
16,3,118,x,s,Scissors,Rock,B_win
16,4,119,p,p,Paper,Paper,Tie
16,5,120,p,s,Paper,Rock,A_win
16,6,121,s,p,Rock,Paper,B_win
16,7,122,x,p,Scissors,Paper,A_win
17,1,123,x,x,Scissors,Scissors,Tie
17,2,124,p,s,Paper,Rock,A_win
17,3,125,x,p,Scissors,Paper,A_win
17,4,126,p,x,Paper,Scissors,B_win
17,5,127,x,p,Scissors,Paper,A_win
18,1,128,x,s,Scissors,Rock,B_win
18,2,129,s,p,Rock,Paper,B_win
18,3,130,s,s,Rock,Rock,Tie
18,4,131,s,s,Rock,Rock,Tie
18,5,132,p,x,Paper,Scissors,B_win
19,1,133,p,x,Paper,Scissors,B_win
19,2,134,x,p,Scissors,Paper,A_win
19,3,135,s,s,Rock,Rock,Tie
19,4,136,p,s,Paper,Rock,A_win
19,5,137,x,x,Scissors,Scissors,Tie
19,6,138,s,s,Rock,Rock,Tie
19,7,139,p,x,Paper,Scissors,B_win
20,1,140,s,x,Rock,Scissors,A_win
20,2,141,x,p,Scissors,Paper,A_win
20,3,142,x,x,Scissors,Scissors,Tie
20,4,143,p,s,Paper,Rock,A_win
21,1,144,x,p,Scissors,Paper,A_win
21,2,145,x,p,Scissors,Paper,A_win
21,3,146,p,s,Paper,Rock,A_win
22,1,147,p,s,Paper,Rock,A_win
22,2,148,p,s,Paper,Rock,A_win
22,3,149,p,p,Paper,Paper,Tie
22,4,150,x,p,Scissors,Paper,A_win
23,1,151,x,x,Scissors,Scissors,Tie
23,2,152,x,s,Scissors,Rock,B_win
23,3,153,x,x,Scissors,Scissors,Tie
23,4,154,s,p,Rock,Paper,B_win
23,5,155,p,x,Paper,Scissors,B_win
24,1,156,s,p,Rock,Paper,B_win
24,2,157,p,x,Paper,Scissors,B_win
24,3,158,x,p,Scissors,Paper,A_win
24,4,159,s,p,Rock,Paper,B_win
25,1,160,p,s,Paper,Rock,A_win
25,2,161,x,s,Scissors,Rock,B_win
25,3,162,x,x,Scissors,Scissors,Tie
25,4,163,s,x,Rock,Scissors,A_win
25,5,164,p,s,Paper,Rock,A_win
26,1,165,x,x,Scissors,Scissors,Tie
26,2,166,s,x,Rock,Scissors,A_win
26,3,167,p,p,Paper,Paper,Tie
26,4,168,s,p,Rock,Paper,B_win
26,5,169,x,p,Scissors,Paper,A_win
26,6,170,p,p,Paper,Paper,Tie
26,7,171,p,x,Paper,Scissors,B_win
26,8,172,x,p,Scissors,Paper,A_win
27,1,173,x,x,Scissors,Scissors,Tie
27,2,174,p,s,Paper,Rock,A_win
27,3,175,s,x,Rock,Scissors,A_win
27,4,176,x,s,Scissors,Rock,B_win
27,5,177,s,p,Rock,Paper,B_win
27,6,178,x,x,Scissors,Scissors,Tie
27,7,179,p,s,Paper,Rock,A_win
28,1,180,p,s,Paper,Rock,A_win
28,2,181,x,x,Scissors,Scissors,Tie
28,3,182,p,x,Paper,Scissors,B_win
28,4,183,s,s,Rock,Rock,Tie
28,5,184,x,s,Scissors,Rock,B_win
28,6,185,p,x,Paper,Scissors,B_win
29,1,186,p,x,Paper,Scissors,B_win
29,2,187,x,x,Scissors,Scissors,Tie
29,3,188,s,x,Rock,Scissors,A_win
29,4,189,s,s,Rock,Rock,Tie
29,5,190,s,s,Rock,Rock,Tie
29,6,191,x,x,Scissors,Scissors,Tie
29,7,192,s,s,Rock,Rock,Tie
29,8,193,x,x,Scissors,Scissors,Tie
29,9,194,s,s,Rock,Rock,Tie
29,10,195,p,x,Paper,Scissors,B_win
29,11,196,p,x,Paper,Scissors,B_win
30,1,197,x,s,Scissors,Rock,B_win
30,2,198,p,p,Paper,Paper,Tie
30,3,199,x,s,Scissors,Rock,B_win
30,4,200,p,p,Paper,Paper,Tie
30,5,201,x,s,Scissors,Rock,B_win
31,1,202,s,x,Rock,Scissors,A_win
31,2,203,p,p,Paper,Paper,Tie
31,3,204,p,s,Paper,Rock,A_win
31,4,205,s,x,Rock,Scissors,A_win
32,1,206,p,p,Paper,Paper,Tie
32,2,207,x,p,Scissors,Paper,A_win
32,3,208,x,x,Scissors,Scissors,Tie
32,4,209,x,x,Scissors,Scissors,Tie
32,5,210,x,x,Scissors,Scissors,Tie
32,6,211,p,s,Paper,Rock,A_win
32,7,212,x,s,Scissors,Rock,B_win
32,8,213,p,x,Paper,Scissors,B_win
32,9,214,x,x,Scissors,Scissors,Tie
32,10,215,s,p,Rock,Paper,B_win
33,1,216,p,x,Paper,Scissors,B_win
33,2,217,x,s,Scissors,Rock,B_win
33,3,218,p,s,Paper,Rock,A_win
33,4,219,p,x,Paper,Scissors,B_win
34,1,220,s,x,Rock,Scissors,A_win
34,2,221,s,x,Rock,Scissors,A_win
34,3,222,p,p,Paper,Paper,Tie
34,4,223,x,x,Scissors,Scissors,Tie
34,5,224,s,s,Rock,Rock,Tie
34,6,225,x,x,Scissors,Scissors,Tie
34,7,226,s,s,Rock,Rock,Tie
34,8,227,x,p,Scissors,Paper,A_win
35,1,228,p,s,Paper,Rock,A_win
35,2,229,s,x,Rock,Scissors,A_win
35,3,230,s,s,Rock,Rock,Tie
35,4,231,s,x,Rock,Scissors,A_win
36,1,232,x,p,Scissors,Paper,A_win
36,2,233,x,s,Scissors,Rock,B_win
36,3,234,p,s,Paper,Rock,A_win
36,4,235,s,x,Rock,Scissors,A_win
37,1,236,s,p,Rock,Paper,B_win
37,2,237,s,x,Rock,Scissors,A_win
37,3,238,p,p,Paper,Paper,Tie
37,4,239,x,x,Scissors,Scissors,Tie
37,5,240,x,p,Scissors,Paper,A_win
37,6,241,s,p,Rock,Paper,B_win
37,7,242,s,p,Rock,Paper,B_win
38,1,243,x,s,Scissors,Rock,B_win
38,2,244,s,s,Rock,Rock,Tie
38,3,245,p,p,Paper,Paper,Tie
38,4,246,x,s,Scissors,Rock,B_win
38,5,247,x,s,Scissors,Rock,B_win
39,1,248,s,s,Rock,Rock,Tie
39,2,249,p,p,Paper,Paper,Tie
39,3,250,s,s,Rock,Rock,Tie
39,4,251,x,x,Scissors,Scissors,Tie
39,5,252,x,s,Scissors,Rock,B_win
39,6,253,s,x,Rock,Scissors,A_win
39,7,254,s,s,Rock,Rock,Tie
39,8,255,p,x,Paper,Scissors,B_win
39,9,256,x,s,Scissors,Rock,B_win
40,1,257,x,s,Scissors,Rock,B_win
40,2,258,x,p,Scissors,Paper,A_win
40,3,259,s,p,Rock,Paper,B_win
40,4,260,x,x,Scissors,Scissors,Tie
40,5,261,s,s,Rock,Rock,Tie
40,6,262,x,x,Scissors,Scissors,Tie
40,7,263,p,s,Paper,Rock,A_win
40,8,264,x,p,Scissors,Paper,A_win
41,1,265,x,p,Scissors,Paper,A_win
41,2,266,s,s,Rock,Rock,Tie
41,3,267,s,p,Rock,Paper,B_win
41,4,268,s,x,Rock,Scissors,A_win
41,5,269,x,s,Scissors,Rock,B_win
41,6,270,x,s,Scissors,Rock,B_win
42,1,271,x,x,Scissors,Scissors,Tie
42,2,272,s,x,Rock,Scissors,A_win
42,3,273,x,p,Scissors,Paper,A_win
42,4,274,s,x,Rock,Scissors,A_win
43,1,275,x,x,Scissors,Scissors,Tie
43,2,276,x,p,Scissors,Paper,A_win
43,3,277,p,x,Paper,Scissors,B_win
43,4,278,s,p,Rock,Paper,B_win
43,5,279,x,x,Scissors,Scissors,Tie
43,6,280,x,s,Scissors,Rock,B_win
44,1,281,x,p,Scissors,Paper,A_win
44,2,282,x,p,Scissors,Paper,A_win
44,3,283,s,x,Rock,Scissors,A_win
45,1,284,s,s,Rock,Rock,Tie
45,2,285,p,p,Paper,Paper,Tie
45,3,286,s,p,Rock,Paper,B_win
45,4,287,x,s,Scissors,Rock,B_win
45,5,288,s,p,Rock,Paper,B_win
46,1,289,s,x,Rock,Scissors,A_win
46,2,290,x,x,Scissors,Scissors,Tie
46,3,291,p,p,Paper,Paper,Tie
46,4,292,s,s,Rock,Rock,Tie
46,5,293,x,x,Scissors,Scissors,Tie
46,6,294,s,s,Rock,Rock,Tie
46,7,295,x,x,Scissors,Scissors,Tie
46,8,296,p,p,Paper,Paper,Tie
46,9,297,x,s,Scissors,Rock,B_win
46,10,298,p,p,Paper,Paper,Tie
46,11,299,x,s,Scissors,Rock,B_win
46,12,300,s,s,Rock,Rock,Tie
46,13,301,p,s,Paper,Rock,A_win
47,1,302,x,x,Scissors,Scissors,Tie
47,2,303,s,s,Rock,Rock,Tie
47,3,304,x,s,Scissors,Rock,B_win
47,4,305,p,s,Paper,Rock,A_win
47,5,306,x,x,Scissors,Scissors,Tie
47,6,307,p,s,Paper,Rock,A_win
47,7,308,x,s,Scissors,Rock,B_win
47,8,309,p,x,Paper,Scissors,B_win
48,1,310,x,x,Scissors,Scissors,Tie
48,2,311,s,s,Rock,Rock,Tie
48,3,312,x,s,Scissors,Rock,B_win
48,4,313,p,s,Paper,Rock,A_win
48,5,314,x,x,Scissors,Scissors,Tie
48,6,315,p,s,Paper,Rock,A_win
48,7,316,x,s,Scissors,Rock,B_win
48,8,317,p,x,Paper,Scissors,B_win
49,1,318,s,p,Rock,Paper,B_win
49,2,319,x,p,Scissors,Paper,A_win
49,3,320,p,s,Paper,Rock,A_win
49,4,321,x,x,Scissors,Scissors,Tie
49,5,322,p,s,Paper,Rock,A_win
50,1,323,s,x,Rock,Scissors,A_win
50,2,324,p,p,Paper,Paper,Tie
50,3,325,p,p,Paper,Paper,Tie
50,4,326,x,p,Scissors,Paper,A_win
50,5,327,x,x,Scissors,Scissors,Tie
50,6,328,s,s,Rock,Rock,Tie
50,7,329,s,s,Rock,Rock,Tie
50,8,330,p,p,Paper,Paper,Tie
50,9,331,x,s,Scissors,Rock,B_win
50,10,332,x,p,Scissors,Paper,A_win
51,1,333,x,s,Scissors,Rock,B_win
51,2,334,x,p,Scissors,Paper,A_win
51,3,335,p,s,Paper,Rock,A_win
51,4,336,s,x,Rock,Scissors,A_win
52,1,337,s,p,Rock,Paper,B_win
52,2,338,s,p,Rock,Paper,B_win
52,3,339,s,x,Rock,Scissors,A_win
52,4,340,s,p,Rock,Paper,B_win
53,1,341,p,x,Paper,Scissors,B_win
53,2,342,s,s,Rock,Rock,Tie
53,3,343,s,p,Rock,Paper,B_win
53,4,344,x,p,Scissors,Paper,A_win
53,5,345,p,x,Paper,Scissors,B_win
54,1,346,x,x,Scissors,Scissors,Tie
54,2,347,s,s,Rock,Rock,Tie
54,3,348,x,x,Scissors,Scissors,Tie
54,4,349,x,s,Scissors,Rock,B_win
54,5,350,x,x,Scissors,Scissors,Tie
54,6,351,x,p,Scissors,Paper,A_win
54,7,352,s,s,Rock,Rock,Tie
54,8,353,x,p,Scissors,Paper,A_win
54,9,354,p,x,Paper,Scissors,B_win
54,10,355,x,x,Scissors,Scissors,Tie
54,11,356,s,p,Rock,Paper,B_win
55,1,357,s,s,Rock,Rock,Tie
55,2,358,x,p,Scissors,Paper,A_win
55,3,359,x,s,Scissors,Rock,B_win
55,4,360,x,p,Scissors,Paper,A_win
55,5,361,x,x,Scissors,Scissors,Tie
55,6,362,x,x,Scissors,Scissors,Tie
55,7,363,s,x,Rock,Scissors,A_win
56,1,364,x,x,Scissors,Scissors,Tie
56,2,365,s,s,Rock,Rock,Tie
56,3,366,x,x,Scissors,Scissors,Tie
56,4,367,p,p,Paper,Paper,Tie
56,5,368,x,x,Scissors,Scissors,Tie
56,6,369,x,s,Scissors,Rock,B_win
56,7,370,s,x,Rock,Scissors,A_win
56,8,371,x,p,Scissors,Paper,A_win
56,9,372,p,x,Paper,Scissors,B_win
56,10,373,x,x,Scissors,Scissors,Tie
56,11,374,s,s,Rock,Rock,Tie
56,12,375,x,p,Scissors,Paper,A_win
57,1,376,x,s,Scissors,Rock,B_win
57,2,377,s,p,Rock,Paper,B_win
57,3,378,p,p,Paper,Paper,Tie
57,4,379,x,x,Scissors,Scissors,Tie
57,5,380,s,p,Rock,Paper,B_win
58,1,381,s,s,Rock,Rock,Tie
58,2,382,s,s,Rock,Rock,Tie
58,3,383,s,s,Rock,Rock,Tie
58,4,384,s,x,Rock,Scissors,A_win
58,5,385,p,x,Paper,Scissors,B_win
58,6,386,p,x,Paper,Scissors,B_win
58,7,387,s,p,Rock,Paper,B_win
59,1,388,x,x,Scissors,Scissors,Tie
59,2,389,s,p,Rock,Paper,B_win
59,3,390,x,s,Scissors,Rock,B_win
59,4,391,x,x,Scissors,Scissors,Tie
59,5,392,p,s,Paper,Rock,A_win
59,6,393,x,p,Scissors,Paper,A_win
59,7,394,p,s,Paper,Rock,A_win
60,1,395,s,x,Rock,Scissors,A_win
60,2,396,x,x,Scissors,Scissors,Tie
60,3,397,s,x,Rock,Scissors,A_win
60,4,398,p,p,Paper,Paper,Tie
60,5,399,s,p,Rock,Paper,B_win
60,6,400,s,x,Rock,Scissors,A_win
61,1,401,s,x,Rock,Scissors,A_win
61,2,402,s,x,Rock,Scissors,A_win
61,3,403,x,p,Scissors,Paper,A_win
62,1,404,s,p,Rock,Paper,B_win
62,2,405,x,x,Scissors,Scissors,Tie
62,3,406,p,s,Paper,Rock,A_win
62,4,407,s,p,Rock,Paper,B_win
62,5,408,x,s,Scissors,Rock,B_win
63,1,409,s,p,Rock,Paper,B_win
63,2,410,x,x,Scissors,Scissors,Tie
63,3,411,s,p,Rock,Paper,B_win
63,4,412,x,x,Scissors,Scissors,Tie
63,5,413,s,x,Rock,Scissors,A_win
63,6,414,p,s,Paper,Rock,A_win
63,7,415,x,s,Scissors,Rock,B_win
64,1,416,x,s,Scissors,Rock,B_win
64,2,417,p,s,Paper,Rock,A_win
64,3,418,x,s,Scissors,Rock,B_win
64,4,419,x,p,Scissors,Paper,A_win
64,5,420,p,s,Paper,Rock,A_win
65,1,421,p,x,Paper,Scissors,B_win
65,2,422,x,s,Scissors,Rock,B_win
65,3,423,p,s,Paper,Rock,A_win
65,4,424,p,s,Paper,Rock,A_win
65,5,425,s,s,Rock,Rock,Tie
65,6,426,x,s,Scissors,Rock,B_win
66,1,427,s,x,Rock,Scissors,A_win
66,2,428,s,p,Rock,Paper,B_win
66,3,429,s,p,Rock,Paper,B_win
66,4,430,x,x,Scissors,Scissors,Tie
66,5,431,s,s,Rock,Rock,Tie
66,6,432,s,p,Rock,Paper,B_win
67,1,433,x,x,Scissors,Scissors,Tie
67,2,434,s,p,Rock,Paper,B_win
67,3,435,x,x,Scissors,Scissors,Tie
67,4,436,x,s,Scissors,Rock,B_win
67,5,437,p,s,Paper,Rock,A_win
68,1,438,x,s,Scissors,Rock,B_win
68,2,439,s,p,Rock,Paper,B_win
68,3,440,x,x,Scissors,Scissors,Tie
68,4,441,p,p,Paper,Paper,Tie
68,5,442,x,s,Scissors,Rock,B_win
69,1,443,x,p,Scissors,Paper,A_win
69,2,444,p,s,Paper,Rock,A_win
69,3,445,x,x,Scissors,Scissors,Tie
69,4,446,p,x,Paper,Scissors,B_win
69,5,447,x,p,Scissors,Paper,A_win
69,6,448,p,s,Paper,Rock,A_win
70,1,449,s,p,Rock,Paper,B_win
70,2,450,x,p,Scissors,Paper,A_win
70,3,451,x,p,Scissors,Paper,A_win
70,4,452,s,s,Rock,Rock,Tie
70,5,453,s,s,Rock,Rock,Tie
70,6,454,p,p,Paper,Paper,Tie
70,7,455,x,p,Scissors,Paper,A_win
71,1,456,s,s,Rock,Rock,Tie
71,2,457,x,x,Scissors,Scissors,Tie
71,3,458,s,s,Rock,Rock,Tie
71,4,459,x,p,Scissors,Paper,A_win
71,5,460,p,x,Paper,Scissors,B_win
71,6,461,x,s,Scissors,Rock,B_win
71,7,462,p,s,Paper,Rock,A_win
71,8,463,p,s,Paper,Rock,A_win
72,1,464,p,p,Paper,Paper,Tie
72,2,465,p,p,Paper,Paper,Tie
72,3,466,p,x,Paper,Scissors,B_win
72,4,467,s,x,Rock,Scissors,A_win
72,5,468,x,x,Scissors,Scissors,Tie
72,6,469,s,p,Rock,Paper,B_win
73,1,470,s,x,Rock,Scissors,A_win
73,2,471,x,s,Scissors,Rock,B_win
73,3,472,p,p,Paper,Paper,Tie
73,4,473,x,x,Scissors,Scissors,Tie
73,5,474,p,s,Paper,Rock,A_win
73,6,475,x,x,Scissors,Scissors,Tie
73,7,476,p,s,Paper,Rock,A_win
74,1,477,p,p,Paper,Paper,Tie
74,2,478,p,x,Paper,Scissors,B_win
74,3,479,s,s,Rock,Rock,Tie
74,4,480,s,p,Rock,Paper,B_win
74,5,481,p,x,Paper,Scissors,B_win
75,1,482,s,p,Rock,Paper,B_win
75,2,483,x,p,Scissors,Paper,A_win
75,3,484,s,p,Rock,Paper,B_win
75,4,485,p,p,Paper,Paper,Tie
75,5,486,x,s,Scissors,Rock,B_win
76,1,487,x,x,Scissors,Scissors,Tie
76,2,488,p,p,Paper,Paper,Tie
76,3,489,x,p,Scissors,Paper,A_win
76,4,490,s,x,Rock,Scissors,A_win
76,5,491,x,s,Scissors,Rock,B_win
77,1,492,x,p,Scissors,Paper,A_win
77,2,493,p,p,Paper,Paper,Tie
77,3,494,s,p,Rock,Paper,B_win
77,4,495,x,s,Scissors,Rock,B_win
77,5,496,p,x,Paper,Scissors,B_win
78,1,497,x,x,Scissors,Scissors,Tie
78,2,498,p,s,Paper,Rock,A_win
78,3,499,x,p,Scissors,Paper,A_win
78,4,500,s,x,Rock,Scissors,A_win
79,1,501,x,s,Scissors,Rock,B_win
79,2,502,x,x,Scissors,Scissors,Tie
79,3,503,x,p,Scissors,Paper,A_win
79,4,504,s,x,Rock,Scissors,A_win
79,5,505,p,p,Paper,Paper,Tie
79,6,506,p,s,Paper,Rock,A_win
80,1,507,s,x,Rock,Scissors,A_win
80,2,508,x,p,Scissors,Paper,A_win
80,3,509,s,s,Rock,Rock,Tie
80,4,510,p,x,Paper,Scissors,B_win
80,5,511,s,x,Rock,Scissors,A_win
81,1,512,p,x,Paper,Scissors,B_win
81,2,513,s,s,Rock,Rock,Tie
81,3,514,x,p,Scissors,Paper,A_win
81,4,515,p,p,Paper,Paper,Tie
81,5,516,x,x,Scissors,Scissors,Tie
81,6,517,p,s,Paper,Rock,A_win
81,7,518,s,x,Rock,Scissors,A_win
82,1,519,x,p,Scissors,Paper,A_win
82,2,520,s,x,Rock,Scissors,A_win
82,3,521,p,s,Paper,Rock,A_win
83,1,522,p,s,Paper,Rock,A_win
83,2,523,x,x,Scissors,Scissors,Tie
83,3,524,p,s,Paper,Rock,A_win
83,4,525,s,p,Rock,Paper,B_win
83,5,526,p,s,Paper,Rock,A_win
84,1,527,s,s,Rock,Rock,Tie
84,2,528,p,s,Paper,Rock,A_win
84,3,529,s,p,Rock,Paper,B_win
84,4,530,x,x,Scissors,Scissors,Tie
84,5,531,p,s,Paper,Rock,A_win
84,6,532,p,s,Paper,Rock,A_win
85,1,533,s,s,Rock,Rock,Tie
85,2,534,x,x,Scissors,Scissors,Tie
85,3,535,p,p,Paper,Paper,Tie
85,4,536,s,s,Rock,Rock,Tie
85,5,537,s,s,Rock,Rock,Tie
85,6,538,x,x,Scissors,Scissors,Tie
85,7,539,p,p,Paper,Paper,Tie
85,8,540,x,p,Scissors,Paper,A_win
85,9,541,s,x,Rock,Scissors,A_win
85,10,542,s,p,Rock,Paper,B_win
85,11,543,s,x,Rock,Scissors,A_win
85,12,544,s,x,Rock,Scissors,A_win
86,1,545,s,x,Rock,Scissors,A_win
86,2,546,s,p,Rock,Paper,B_win
86,3,547,p,x,Paper,Scissors,B_win
86,4,548,s,p,Rock,Paper,B_win
87,1,549,s,s,Rock,Rock,Tie
87,2,550,p,s,Paper,Rock,A_win
87,3,551,x,x,Scissors,Scissors,Tie
87,4,552,s,s,Rock,Rock,Tie
87,5,553,s,x,Rock,Scissors,A_win
87,6,554,x,s,Scissors,Rock,B_win
87,7,555,p,x,Paper,Scissors,B_win
88,1,556,x,s,Scissors,Rock,B_win
88,2,557,p,x,Paper,Scissors,B_win
88,3,558,x,s,Scissors,Rock,B_win
89,1,559,x,x,Scissors,Scissors,Tie
89,2,560,p,s,Paper,Rock,A_win
89,3,561,x,p,Scissors,Paper,A_win
89,4,562,p,s,Paper,Rock,A_win
90,1,563,x,x,Scissors,Scissors,Tie
90,2,564,p,s,Paper,Rock,A_win
90,3,565,x,s,Scissors,Rock,B_win
90,4,566,p,s,Paper,Rock,A_win
90,5,567,x,p,Scissors,Paper,A_win
90,6,568,p,s,Paper,Rock,A_win
91,1,569,x,x,Scissors,Scissors,Tie
91,2,570,s,s,Rock,Rock,Tie
91,3,571,s,p,Rock,Paper,B_win
91,4,572,x,x,Scissors,Scissors,Tie
91,5,573,p,p,Paper,Paper,Tie
91,6,574,p,x,Paper,Scissors,B_win
91,7,575,s,p,Rock,Paper,B_win
92,1,576,p,s,Paper,Rock,A_win
92,2,577,p,p,Paper,Paper,Tie
92,3,578,x,s,Scissors,Rock,B_win
92,4,579,x,p,Scissors,Paper,A_win
92,5,580,p,p,Paper,Paper,Tie
92,6,581,s,p,Rock,Paper,B_win
92,7,582,p,s,Paper,Rock,A_win
93,1,583,x,s,Scissors,Rock,B_win
93,2,584,p,s,Paper,Rock,A_win
93,3,585,p,x,Paper,Scissors,B_win
93,4,586,p,x,Paper,Scissors,B_win
94,1,587,p,s,Paper,Rock,A_win
94,2,588,x,x,Scissors,Scissors,Tie
94,3,589,s,p,Rock,Paper,B_win
94,4,590,x,x,Scissors,Scissors,Tie
94,5,591,s,x,Rock,Scissors,A_win
94,6,592,x,p,Scissors,Paper,A_win
95,1,593,x,x,Scissors,Scissors,Tie
95,2,594,s,p,Rock,Paper,B_win
95,3,595,s,x,Rock,Scissors,A_win
95,4,596,x,x,Scissors,Scissors,Tie
95,5,597,x,s,Scissors,Rock,B_win
95,6,598,p,p,Paper,Paper,Tie
95,7,599,s,x,Rock,Scissors,A_win
95,8,600,s,p,Rock,Paper,B_win
96,1,601,p,s,Paper,Rock,A_win
96,2,602,x,x,Scissors,Scissors,Tie
96,3,603,x,x,Scissors,Scissors,Tie
96,4,604,s,s,Rock,Rock,Tie
96,5,605,x,p,Scissors,Paper,A_win
96,6,606,p,p,Paper,Paper,Tie
96,7,607,s,x,Rock,Scissors,A_win
97,1,608,x,s,Scissors,Rock,B_win
97,2,609,p,s,Paper,Rock,A_win
97,3,610,x,x,Scissors,Scissors,Tie
97,4,611,s,s,Rock,Rock,Tie
97,5,612,p,p,Paper,Paper,Tie
97,6,613,x,x,Scissors,Scissors,Tie
97,7,614,p,s,Paper,Rock,A_win
97,8,615,x,p,Scissors,Paper,A_win
98,1,616,s,x,Rock,Scissors,A_win
98,2,617,s,p,Rock,Paper,B_win
98,3,618,s,x,Rock,Scissors,A_win
98,4,619,s,p,Rock,Paper,B_win
98,5,620,p,x,Paper,Scissors,B_win
99,1,621,x,s,Scissors,Rock,B_win
99,2,622,x,p,Scissors,Paper,A_win
99,3,623,p,s,Paper,Rock,A_win
99,4,624,x,s,Scissors,Rock,B_win
99,5,625,p,x,Paper,Scissors,B_win
100,1,626,x,x,Scissors,Scissors,Tie
100,2,627,p,p,Paper,Paper,Tie
100,3,628,x,x,Scissors,Scissors,Tie
100,4,629,s,p,Rock,Paper,B_win
100,5,630,p,s,Paper,Rock,A_win
100,6,631,x,x,Scissors,Scissors,Tie
100,7,632,p,p,Paper,Paper,Tie
100,8,633,x,x,Scissors,Scissors,Tie
100,9,634,p,p,Paper,Paper,Tie
100,10,635,x,s,Scissors,Rock,B_win
100,11,636,p,p,Paper,Paper,Tie
100,12,637,s,x,Rock,Scissors,A_win
100,13,638,p,p,Paper,Paper,Tie
100,14,639,x,x,Scissors,Scissors,Tie
100,15,640,s,x,Rock,Scissors,A_win
101,1,641,s,x,Rock,Scissors,A_win
101,2,642,x,p,Scissors,Paper,A_win
101,3,643,x,s,Scissors,Rock,B_win
101,4,644,p,s,Paper,Rock,A_win
102,1,645,s,x,Rock,Scissors,A_win
102,2,646,x,p,Scissors,Paper,A_win
102,3,647,s,s,Rock,Rock,Tie
102,4,648,x,x,Scissors,Scissors,Tie
102,5,649,s,p,Rock,Paper,B_win
102,6,650,s,x,Rock,Scissors,A_win
103,1,651,p,x,Paper,Scissors,B_win
103,2,652,p,p,Paper,Paper,Tie
103,3,653,x,s,Scissors,Rock,B_win
103,4,654,s,x,Rock,Scissors,A_win
103,5,655,p,p,Paper,Paper,Tie
103,6,656,x,x,Scissors,Scissors,Tie
103,7,657,x,s,Scissors,Rock,B_win
104,1,658,p,x,Paper,Scissors,B_win
104,2,659,x,s,Scissors,Rock,B_win
104,3,660,p,x,Paper,Scissors,B_win
105,1,661,x,x,Scissors,Scissors,Tie
105,2,662,s,s,Rock,Rock,Tie
105,3,663,p,x,Paper,Scissors,B_win
105,4,664,x,s,Scissors,Rock,B_win
105,5,665,p,p,Paper,Paper,Tie
105,6,666,x,s,Scissors,Rock,B_win
106,1,667,p,p,Paper,Paper,Tie
106,2,668,x,s,Scissors,Rock,B_win
106,3,669,x,s,Scissors,Rock,B_win
106,4,670,p,s,Paper,Rock,A_win
106,5,671,p,p,Paper,Paper,Tie
106,6,672,p,s,Paper,Rock,A_win
106,7,673,p,s,Paper,Rock,A_win
107,1,674,x,p,Scissors,Paper,A_win
107,2,675,p,x,Paper,Scissors,B_win
107,3,676,s,x,Rock,Scissors,A_win
107,4,677,x,p,Scissors,Paper,A_win
108,1,678,x,x,Scissors,Scissors,Tie
108,2,679,x,s,Scissors,Rock,B_win
108,3,680,p,p,Paper,Paper,Tie
108,4,681,p,p,Paper,Paper,Tie
108,5,682,s,p,Rock,Paper,B_win
108,6,683,x,x,Scissors,Scissors,Tie
108,7,684,s,s,Rock,Rock,Tie
108,8,685,p,s,Paper,Rock,A_win
108,9,686,p,x,Paper,Scissors,B_win
109,1,687,x,x,Scissors,Scissors,Tie
109,2,688,x,s,Scissors,Rock,B_win
109,3,689,x,p,Scissors,Paper,A_win
109,4,690,x,x,Scissors,Scissors,Tie
109,5,691,s,s,Rock,Rock,Tie
109,6,692,x,s,Scissors,Rock,B_win
109,7,693,x,x,Scissors,Scissors,Tie
109,8,694,s,p,Rock,Paper,B_win
109,9,695,x,x,Scissors,Scissors,Tie
109,10,696,x,s,Scissors,Rock,B_win
110,1,697,p,p,Paper,Paper,Tie
110,2,698,p,p,Paper,Paper,Tie
110,3,699,s,s,Rock,Rock,Tie
110,4,700,x,p,Scissors,Paper,A_win
110,5,701,p,s,Paper,Rock,A_win
110,6,702,p,s,Paper,Rock,A_win
111,1,703,x,s,Scissors,Rock,B_win
111,2,704,p,s,Paper,Rock,A_win
111,3,705,x,x,Scissors,Scissors,Tie
111,4,706,p,x,Paper,Scissors,B_win
111,5,707,x,s,Scissors,Rock,B_win
111,6,708,p,s,Paper,Rock,A_win
111,7,709,x,s,Scissors,Rock,B_win
111,8,710,s,p,Rock,Paper,B_win
111,9,711,x,s,Scissors,Rock,B_win
112,1,712,p,p,Paper,Paper,Tie
112,2,713,p,p,Paper,Paper,Tie
112,3,714,s,p,Rock,Paper,B_win
112,4,715,p,p,Paper,Paper,Tie
112,5,716,x,p,Scissors,Paper,A_win
112,6,717,x,x,Scissors,Scissors,Tie
112,7,718,p,x,Paper,Scissors,B_win
112,8,719,x,x,Scissors,Scissors,Tie
112,9,720,p,p,Paper,Paper,Tie
112,10,721,p,x,Paper,Scissors,B_win
113,1,722,x,x,Scissors,Scissors,Tie
113,2,723,s,s,Rock,Rock,Tie
113,3,724,p,x,Paper,Scissors,B_win
113,4,725,p,s,Paper,Rock,A_win
113,5,726,x,x,Scissors,Scissors,Tie
113,6,727,s,s,Rock,Rock,Tie
113,7,728,p,x,Paper,Scissors,B_win
113,8,729,x,x,Scissors,Scissors,Tie
113,9,730,p,p,Paper,Paper,Tie
113,10,731,s,x,Rock,Scissors,A_win
114,1,732,p,x,Paper,Scissors,B_win
114,2,733,p,p,Paper,Paper,Tie
114,3,734,s,p,Rock,Paper,B_win
115,1,735,p,x,Paper,Scissors,B_win
115,2,736,s,s,Rock,Rock,Tie
115,3,737,x,x,Scissors,Scissors,Tie
115,4,738,p,p,Paper,Paper,Tie
115,5,739,x,s,Scissors,Rock,B_win
115,6,740,p,x,Paper,Scissors,B_win
116,1,741,p,x,Paper,Scissors,B_win
116,2,742,p,s,Paper,Rock,A_win
116,3,743,x,x,Scissors,Scissors,Tie
116,4,744,p,s,Paper,Rock,A_win
116,5,745,x,x,Scissors,Scissors,Tie
116,6,746,p,p,Paper,Paper,Tie
116,7,747,x,s,Scissors,Rock,B_win
116,8,748,p,x,Paper,Scissors,B_win
117,1,749,x,x,Scissors,Scissors,Tie
117,2,750,s,p,Rock,Paper,B_win
117,3,751,x,x,Scissors,Scissors,Tie
117,4,752,x,p,Scissors,Paper,A_win
117,5,753,s,s,Rock,Rock,Tie
117,6,754,p,s,Paper,Rock,A_win
117,7,755,x,p,Scissors,Paper,A_win
118,1,756,x,x,Scissors,Scissors,Tie
118,2,757,s,s,Rock,Rock,Tie
118,3,758,p,p,Paper,Paper,Tie
118,4,759,x,x,Scissors,Scissors,Tie
118,5,760,s,x,Rock,Scissors,A_win
118,6,761,p,p,Paper,Paper,Tie
118,7,762,x,x,Scissors,Scissors,Tie
118,8,763,s,p,Rock,Paper,B_win
118,9,764,x,x,Scissors,Scissors,Tie
118,10,765,p,p,Paper,Paper,Tie
118,11,766,x,x,Scissors,Scissors,Tie
118,12,767,p,s,Paper,Rock,A_win
118,13,768,x,x,Scissors,Scissors,Tie
118,14,769,p,x,Paper,Scissors,B_win
118,15,770,s,s,Rock,Rock,Tie
118,16,771,p,p,Paper,Paper,Tie
118,17,772,x,x,Scissors,Scissors,Tie
118,18,773,x,p,Scissors,Paper,A_win
119,1,774,x,x,Scissors,Scissors,Tie
119,2,775,p,s,Paper,Rock,A_win
119,3,776,p,x,Paper,Scissors,B_win
119,4,777,x,s,Scissors,Rock,B_win
119,5,778,p,x,Paper,Scissors,B_win
120,1,779,x,x,Scissors,Scissors,Tie
120,2,780,p,p,Paper,Paper,Tie
120,3,781,x,x,Scissors,Scissors,Tie
120,4,782,s,p,Rock,Paper,B_win
120,5,783,p,x,Paper,Scissors,B_win
120,6,784,x,p,Scissors,Paper,A_win
120,7,785,p,x,Paper,Scissors,B_win
121,1,786,s,s,Rock,Rock,Tie
121,2,787,x,s,Scissors,Rock,B_win
121,3,788,p,s,Paper,Rock,A_win
121,4,789,x,s,Scissors,Rock,B_win
121,5,790,p,x,Paper,Scissors,B_win
122,1,791,x,p,Scissors,Paper,A_win
122,2,792,s,x,Rock,Scissors,A_win
122,3,793,p,x,Paper,Scissors,B_win
123,1,794,x,p,Scissors,Paper,A_win
123,2,795,s,s,Rock,Rock,Tie
123,3,796,p,p,Paper,Paper,Tie
123,4,797,p,s,Paper,Rock,A_win
123,5,798,x,p,Scissors,Paper,A_win
124,1,799,p,p,Paper,Paper,Tie
124,2,800,s,p,Rock,Paper,B_win
124,3,801,p,p,Paper,Paper,Tie
124,4,802,x,s,Scissors,Rock,B_win
124,5,803,s,p,Rock,Paper,B_win
125,1,804,s,s,Rock,Rock,Tie
125,2,805,x,p,Scissors,Paper,A_win
125,3,806,p,x,Paper,Scissors,B_win
125,4,807,s,s,Rock,Rock,Tie
125,5,808,s,p,Rock,Paper,B_win
125,6,809,p,x,Paper,Scissors,B_win
126,1,810,p,p,Paper,Paper,Tie
126,2,811,p,x,Paper,Scissors,B_win
126,3,812,x,s,Scissors,Rock,B_win
126,4,813,p,x,Paper,Scissors,B_win
127,1,814,x,s,Scissors,Rock,B_win
127,2,815,p,p,Paper,Paper,Tie
127,3,816,x,s,Scissors,Rock,B_win
127,4,817,p,p,Paper,Paper,Tie
127,5,818,p,s,Paper,Rock,A_win
127,6,819,p,x,Paper,Scissors,B_win
128,1,820,x,s,Scissors,Rock,B_win
128,2,821,s,p,Rock,Paper,B_win
128,3,822,s,x,Rock,Scissors,A_win
128,4,823,p,p,Paper,Paper,Tie
128,5,824,s,s,Rock,Rock,Tie
128,6,825,s,s,Rock,Rock,Tie
128,7,826,x,s,Scissors,Rock,B_win
129,1,827,x,s,Scissors,Rock,B_win
129,2,828,s,s,Rock,Rock,Tie
129,3,829,p,s,Paper,Rock,A_win
129,4,830,x,x,Scissors,Scissors,Tie
129,5,831,s,p,Rock,Paper,B_win
129,6,832,x,s,Scissors,Rock,B_win
130,1,833,x,x,Scissors,Scissors,Tie
130,2,834,s,s,Rock,Rock,Tie
130,3,835,x,s,Scissors,Rock,B_win
130,4,836,s,s,Rock,Rock,Tie
130,5,837,s,x,Rock,Scissors,A_win
130,6,838,x,s,Scissors,Rock,B_win
130,7,839,x,x,Scissors,Scissors,Tie
130,8,840,s,s,Rock,Rock,Tie
130,9,841,s,s,Rock,Rock,Tie
130,10,842,s,x,Rock,Scissors,A_win
130,11,843,x,s,Scissors,Rock,B_win
131,1,844,s,x,Rock,Scissors,A_win
131,2,845,x,p,Scissors,Paper,A_win
131,3,846,p,s,Paper,Rock,A_win
132,1,847,x,p,Scissors,Paper,A_win
132,2,848,x,s,Scissors,Rock,B_win
132,3,849,p,p,Paper,Paper,Tie
132,4,850,x,x,Scissors,Scissors,Tie
132,5,851,s,p,Rock,Paper,B_win
132,6,852,s,x,Rock,Scissors,A_win
132,7,853,x,p,Scissors,Paper,A_win
133,1,854,p,x,Paper,Scissors,B_win
133,2,855,p,x,Paper,Scissors,B_win
133,3,856,s,x,Rock,Scissors,A_win
133,4,857,s,x,Rock,Scissors,A_win
133,5,858,p,s,Paper,Rock,A_win
134,1,859,x,x,Scissors,Scissors,Tie
134,2,860,x,p,Scissors,Paper,A_win
134,3,861,p,p,Paper,Paper,Tie
134,4,862,x,x,Scissors,Scissors,Tie
134,5,863,p,p,Paper,Paper,Tie
134,6,864,x,p,Scissors,Paper,A_win
135,1,865,x,x,Scissors,Scissors,Tie
135,2,866,p,p,Paper,Paper,Tie
135,3,867,x,x,Scissors,Scissors,Tie
135,4,868,x,x,Scissors,Scissors,Tie
135,5,869,p,s,Paper,Rock,A_win
135,6,870,x,p,Scissors,Paper,A_win
135,7,871,s,s,Rock,Rock,Tie
135,8,872,x,s,Scissors,Rock,B_win
135,9,873,p,p,Paper,Paper,Tie
135,10,874,s,x,Rock,Scissors,A_win
136,1,875,p,s,Paper,Rock,A_win
136,2,876,p,x,Paper,Scissors,B_win
136,3,877,x,p,Scissors,Paper,A_win
136,4,878,s,p,Rock,Paper,B_win
136,5,879,x,x,Scissors,Scissors,Tie
136,6,880,s,x,Rock,Scissors,A_win
137,1,881,x,x,Scissors,Scissors,Tie
137,2,882,s,p,Rock,Paper,B_win
137,3,883,x,x,Scissors,Scissors,Tie
137,4,884,x,p,Scissors,Paper,A_win
137,5,885,s,p,Rock,Paper,B_win
137,6,886,x,s,Scissors,Rock,B_win
138,1,887,p,x,Paper,Scissors,B_win
138,2,888,p,p,Paper,Paper,Tie
138,3,889,x,s,Scissors,Rock,B_win
138,4,890,p,p,Paper,Paper,Tie
138,5,891,p,s,Paper,Rock,A_win
138,6,892,p,x,Paper,Scissors,B_win
139,1,893,p,x,Paper,Scissors,B_win
139,2,894,p,s,Paper,Rock,A_win
139,3,895,x,p,Scissors,Paper,A_win
139,4,896,p,s,Paper,Rock,A_win
140,1,897,p,p,Paper,Paper,Tie
140,2,898,x,s,Scissors,Rock,B_win
140,3,899,p,x,Paper,Scissors,B_win
140,4,900,x,s,Scissors,Rock,B_win
141,1,901,x,x,Scissors,Scissors,Tie
141,2,902,s,p,Rock,Paper,B_win
141,3,903,x,s,Scissors,Rock,B_win
141,4,904,x,p,Scissors,Paper,A_win
141,5,905,x,p,Scissors,Paper,A_win
141,6,906,s,p,Rock,Paper,B_win
142,1,907,x,x,Scissors,Scissors,Tie
142,2,908,s,s,Rock,Rock,Tie
142,3,909,s,x,Rock,Scissors,A_win
142,4,910,x,x,Scissors,Scissors,Tie
142,5,911,s,p,Rock,Paper,B_win
142,6,912,x,x,Scissors,Scissors,Tie
142,7,913,p,s,Paper,Rock,A_win
142,8,914,s,x,Rock,Scissors,A_win
143,1,915,x,x,Scissors,Scissors,Tie
143,2,916,p,s,Paper,Rock,A_win
143,3,917,x,p,Scissors,Paper,A_win
143,4,918,s,p,Rock,Paper,B_win
143,5,919,x,s,Scissors,Rock,B_win
143,6,920,x,p,Scissors,Paper,A_win
144,1,921,x,s,Scissors,Rock,B_win
144,2,922,p,p,Paper,Paper,Tie
144,3,923,s,x,Rock,Scissors,A_win
144,4,924,p,p,Paper,Paper,Tie
144,5,925,x,s,Scissors,Rock,B_win
144,6,926,s,x,Rock,Scissors,A_win
144,7,927,p,p,Paper,Paper,Tie
144,8,928,s,s,Rock,Rock,Tie
144,9,929,s,x,Rock,Scissors,A_win
145,1,930,x,x,Scissors,Scissors,Tie
145,2,931,x,p,Scissors,Paper,A_win
145,3,932,s,x,Rock,Scissors,A_win
145,4,933,p,s,Paper,Rock,A_win
146,1,934,p,p,Paper,Paper,Tie
146,2,935,p,x,Paper,Scissors,B_win
146,3,936,x,s,Scissors,Rock,B_win
146,4,937,x,x,Scissors,Scissors,Tie
146,5,938,x,s,Scissors,Rock,B_win
147,1,939,p,x,Paper,Scissors,B_win
147,2,940,x,p,Scissors,Paper,A_win
147,3,941,p,s,Paper,Rock,A_win
147,4,942,p,x,Paper,Scissors,B_win
147,5,943,s,p,Rock,Paper,B_win
148,1,944,x,p,Scissors,Paper,A_win
148,2,945,s,x,Rock,Scissors,A_win
148,3,946,x,x,Scissors,Scissors,Tie
148,4,947,p,s,Paper,Rock,A_win
149,1,948,p,x,Paper,Scissors,B_win
149,2,949,p,p,Paper,Paper,Tie
149,3,950,x,p,Scissors,Paper,A_win
149,4,951,s,s,Rock,Rock,Tie
149,5,952,x,x,Scissors,Scissors,Tie
149,6,953,s,s,Rock,Rock,Tie
149,7,954,x,p,Scissors,Paper,A_win
149,8,955,p,x,Paper,Scissors,B_win
149,9,956,s,s,Rock,Rock,Tie
149,10,957,x,p,Scissors,Paper,A_win
150,1,958,p,x,Paper,Scissors,B_win
150,2,959,p,s,Paper,Rock,A_win
150,3,960,x,p,Scissors,Paper,A_win
150,4,961,p,s,Paper,Rock,A_win
151,1,962,p,p,Paper,Paper,Tie
151,2,963,x,s,Scissors,Rock,B_win
151,3,964,p,x,Paper,Scissors,B_win
151,4,965,x,s,Scissors,Rock,B_win
152,1,966,x,x,Scissors,Scissors,Tie
152,2,967,s,p,Rock,Paper,B_win
152,3,968,x,p,Scissors,Paper,A_win
152,4,969,x,p,Scissors,Paper,A_win
152,5,970,x,p,Scissors,Paper,A_win
152,6,971,s,p,Rock,Paper,B_win
153,1,972,x,x,Scissors,Scissors,Tie
153,2,973,s,s,Rock,Rock,Tie
153,3,974,s,x,Rock,Scissors,A_win
153,4,975,x,x,Scissors,Scissors,Tie
153,5,976,s,p,Rock,Paper,B_win
153,6,977,x,x,Scissors,Scissors,Tie
153,7,978,p,s,Paper,Rock,A_win
153,8,979,s,x,Rock,Scissors,A_win
154,1,980,x,x,Scissors,Scissors,Tie
154,2,981,p,s,Paper,Rock,A_win
154,3,982,x,p,Scissors,Paper,A_win
154,4,983,s,p,Rock,Paper,B_win
154,5,984,x,s,Scissors,Rock,B_win
154,6,985,x,p,Scissors,Paper,A_win
155,1,986,x,s,Scissors,Rock,B_win
155,2,987,p,p,Paper,Paper,Tie
155,3,988,s,x,Rock,Scissors,A_win
155,4,989,p,p,Paper,Paper,Tie
155,5,990,x,s,Scissors,Rock,B_win
155,6,991,s,x,Rock,Scissors,A_win
155,7,992,p,p,Paper,Paper,Tie
155,8,993,s,s,Rock,Rock,Tie
155,9,994,s,x,Rock,Scissors,A_win
156,1,995,x,x,Scissors,Scissors,Tie
156,2,996,x,p,Scissors,Paper,A_win
156,3,997,s,x,Rock,Scissors,A_win
156,4,998,p,s,Paper,Rock,A_win
157,1,999,p,p,Paper,Paper,Tie
157,2,1000,p,x,Paper,Scissors,B_win
157,3,1001,x,s,Scissors,Rock,B_win
157,4,1002,x,x,Scissors,Scissors,Tie
157,5,1003,x,s,Scissors,Rock,B_win
158,1,1004,p,x,Paper,Scissors,B_win
158,2,1005,x,p,Scissors,Paper,A_win
158,3,1006,p,s,Paper,Rock,A_win
158,4,1007,p,x,Paper,Scissors,B_win
158,5,1008,s,p,Rock,Paper,B_win
159,1,1009,x,p,Scissors,Paper,A_win
159,2,1010,s,x,Rock,Scissors,A_win
159,3,1011,x,x,Scissors,Scissors,Tie
159,4,1012,p,s,Paper,Rock,A_win
160,1,1013,p,x,Paper,Scissors,B_win
160,2,1014,p,p,Paper,Paper,Tie
160,3,1015,x,p,Scissors,Paper,A_win
160,4,1016,s,s,Rock,Rock,Tie
160,5,1017,x,x,Scissors,Scissors,Tie
160,6,1018,s,s,Rock,Rock,Tie
160,7,1019,x,p,Scissors,Paper,A_win
160,8,1020,p,x,Paper,Scissors,B_win
160,9,1021,s,s,Rock,Rock,Tie
160,10,1022,x,p,Scissors,Paper,A_win
161,1,1023,p,p,Paper,Paper,Tie
161,2,1024,x,x,Scissors,Scissors,Tie
161,3,1025,s,p,Rock,Paper,B_win
161,4,1026,x,p,Scissors,Paper,A_win
161,5,1027,x,s,Scissors,Rock,B_win
161,6,1028,p,p,Paper,Paper,Tie
161,7,1029,p,p,Paper,Paper,Tie
161,8,1030,x,s,Scissors,Rock,B_win
162,1,1031,s,p,Rock,Paper,B_win
162,2,1032,p,s,Paper,Rock,A_win
162,3,1033,s,p,Rock,Paper,B_win
162,4,1034,x,p,Scissors,Paper,A_win
163,1,1035,x,x,Scissors,Scissors,Tie
163,2,1036,s,p,Rock,Paper,B_win
163,3,1037,p,x,Paper,Scissors,B_win
163,4,1038,x,s,Scissors,Rock,B_win
164,1,1039,s,p,Rock,Paper,B_win
164,2,1040,x,p,Scissors,Paper,A_win
164,3,1041,p,s,Paper,Rock,A_win
164,4,1042,s,p,Rock,Paper,B_win
164,5,1043,x,x,Scissors,Scissors,Tie
165,1,1044,p,s,Paper,Rock,A_win
166,1,1045,x,s,Scissors,Rock,B_win
166,2,1046,p,x,Paper,Scissors,B_win
166,3,1047,x,s,Scissors,Rock,B_win
167,1,1048,x,x,Scissors,Scissors,Tie
167,2,1049,p,s,Paper,Rock,A_win
167,3,1050,s,s,Rock,Rock,Tie
167,4,1051,x,s,Scissors,Rock,B_win
167,5,1052,p,p,Paper,Paper,Tie
167,6,1053,x,s,Scissors,Rock,B_win
167,7,1054,p,x,Paper,Scissors,B_win
168,1,1055,x,x,Scissors,Scissors,Tie
168,2,1056,x,p,Scissors,Paper,A_win
168,3,1057,s,x,Rock,Scissors,A_win
168,4,1058,p,s,Paper,Rock,A_win
169,1,1059,s,x,Rock,Scissors,A_win
169,2,1060,x,s,Scissors,Rock,B_win
169,3,1061,x,x,Scissors,Scissors,Tie
169,4,1062,p,p,Paper,Paper,Tie
169,5,1063,p,x,Paper,Scissors,B_win
169,6,1064,x,x,Scissors,Scissors,Tie
169,7,1065,p,p,Paper,Paper,Tie
169,8,1066,p,p,Paper,Paper,Tie
169,9,1067,x,p,Scissors,Paper,A_win
169,10,1068,x,x,Scissors,Scissors,Tie
169,11,1069,x,s,Scissors,Rock,B_win
170,1,1070,x,x,Scissors,Scissors,Tie
170,2,1071,s,p,Rock,Paper,B_win
170,3,1072,x,x,Scissors,Scissors,Tie
170,4,1073,p,p,Paper,Paper,Tie
170,5,1074,s,x,Rock,Scissors,A_win
170,6,1075,x,x,Scissors,Scissors,Tie
170,7,1076,p,x,Paper,Scissors,B_win
170,8,1077,x,s,Scissors,Rock,B_win
171,1,1078,x,p,Scissors,Paper,A_win
171,2,1079,x,x,Scissors,Scissors,Tie
171,3,1080,p,s,Paper,Rock,A_win
171,4,1081,x,x,Scissors,Scissors,Tie
171,5,1082,p,p,Paper,Paper,Tie
171,6,1083,s,s,Rock,Rock,Tie
171,7,1084,x,x,Scissors,Scissors,Tie
171,8,1085,p,s,Paper,Rock,A_win
172,1,1086,s,p,Rock,Paper,B_win
172,2,1087,x,x,Scissors,Scissors,Tie
172,3,1088,x,p,Scissors,Paper,A_win
172,4,1089,p,p,Paper,Paper,Tie
172,5,1090,p,s,Paper,Rock,A_win
172,6,1091,x,p,Scissors,Paper,A_win
173,1,1092,x,x,Scissors,Scissors,Tie
173,2,1093,s,s,Rock,Rock,Tie
173,3,1094,s,x,Rock,Scissors,A_win
173,4,1095,s,s,Rock,Rock,Tie
173,5,1096,p,s,Paper,Rock,A_win
173,6,1097,s,p,Rock,Paper,B_win
173,7,1098,x,x,Scissors,Scissors,Tie
173,8,1099,s,s,Rock,Rock,Tie
173,9,1100,s,x,Rock,Scissors,A_win
174,1,1101,x,x,Scissors,Scissors,Tie
174,2,1102,s,s,Rock,Rock,Tie
174,3,1103,x,s,Scissors,Rock,B_win
174,4,1104,s,p,Rock,Paper,B_win
174,5,1105,x,x,Scissors,Scissors,Tie
174,6,1106,x,p,Scissors,Paper,A_win
174,7,1107,s,s,Rock,Rock,Tie
174,8,1108,s,x,Rock,Scissors,A_win
174,9,1109,s,p,Rock,Paper,B_win
175,1,1110,s,x,Rock,Scissors,A_win
175,2,1111,p,p,Paper,Paper,Tie
175,3,1112,s,x,Rock,Scissors,A_win
175,4,1113,p,s,Paper,Rock,A_win
176,1,1114,x,s,Scissors,Rock,B_win
176,2,1115,p,s,Paper,Rock,A_win
176,3,1116,s,s,Rock,Rock,Tie
176,4,1117,x,x,Scissors,Scissors,Tie
176,5,1118,x,s,Scissors,Rock,B_win
176,6,1119,p,s,Paper,Rock,A_win
176,7,1120,p,s,Paper,Rock,A_win
177,1,1121,s,x,Rock,Scissors,A_win
177,2,1122,p,x,Paper,Scissors,B_win
177,3,1123,s,p,Rock,Paper,B_win
177,4,1124,s,s,Rock,Rock,Tie
177,5,1125,p,s,Paper,Rock,A_win
177,6,1126,p,x,Paper,Scissors,B_win
178,1,1127,x,p,Scissors,Paper,A_win
178,2,1128,s,s,Rock,Rock,Tie
178,3,1129,p,s,Paper,Rock,A_win
178,4,1130,s,s,Rock,Rock,Tie
178,5,1131,x,x,Scissors,Scissors,Tie
178,6,1132,s,p,Rock,Paper,B_win
178,7,1133,x,x,Scissors,Scissors,Tie
178,8,1134,s,p,Rock,Paper,B_win
178,9,1135,x,x,Scissors,Scissors,Tie
178,10,1136,x,s,Scissors,Rock,B_win
179,1,1137,x,x,Scissors,Scissors,Tie
179,2,1138,s,p,Rock,Paper,B_win
179,3,1139,x,p,Scissors,Paper,A_win
179,4,1140,x,s,Scissors,Rock,B_win
179,5,1141,s,p,Rock,Paper,B_win
179,6,1142,s,x,Rock,Scissors,A_win
179,7,1143,x,p,Scissors,Paper,A_win
180,1,1144,x,p,Scissors,Paper,A_win
180,2,1145,s,x,Rock,Scissors,A_win
180,3,1146,x,p,Scissors,Paper,A_win
180,4,1147,s,x,Rock,Scissors,A_win
180,5,1148,s,x,Rock,Scissors,A_win
180,6,1149,x,p,Scissors,Paper,A_win
181,1,1150,x,p,Scissors,Paper,A_win
181,2,1151,x,p,Scissors,Paper,A_win
181,3,1152,s,p,Rock,Paper,B_win
182,1,1153,x,s,Scissors,Rock,B_win
182,2,1154,p,p,Paper,Paper,Tie
182,3,1155,x,s,Scissors,Rock,B_win
182,4,1156,p,s,Paper,Rock,A_win
182,5,1157,x,x,Scissors,Scissors,Tie
182,6,1158,p,p,Paper,Paper,Tie
182,7,1159,x,x,Scissors,Scissors,Tie
182,8,1160,p,s,Paper,Rock,A_win
182,9,1161,x,x,Scissors,Scissors,Tie
182,10,1162,x,p,Scissors,Paper,A_win
182,11,1163,x,x,Scissors,Scissors,Tie
182,12,1164,p,s,Paper,Rock,A_win
183,1,1165,p,x,Paper,Scissors,B_win
183,2,1166,p,s,Paper,Rock,A_win
183,3,1167,p,s,Paper,Rock,A_win
183,4,1168,x,p,Scissors,Paper,A_win
184,1,1169,p,x,Paper,Scissors,B_win
184,2,1170,s,p,Rock,Paper,B_win
184,3,1171,x,x,Scissors,Scissors,Tie
184,4,1172,s,p,Rock,Paper,B_win
185,1,1173,p,x,Paper,Scissors,B_win
185,2,1174,s,p,Rock,Paper,B_win
185,3,1175,x,x,Scissors,Scissors,Tie
185,4,1176,p,x,Paper,Scissors,B_win
186,1,1177,x,x,Scissors,Scissors,Tie
186,2,1178,s,x,Rock,Scissors,A_win
186,3,1179,p,p,Paper,Paper,Tie
186,4,1180,x,p,Scissors,Paper,A_win
186,5,1181,s,s,Rock,Rock,Tie
186,6,1182,s,s,Rock,Rock,Tie
186,7,1183,p,s,Paper,Rock,A_win
187,1,1184,s,x,Rock,Scissors,A_win
187,2,1185,x,s,Scissors,Rock,B_win
187,3,1186,s,p,Rock,Paper,B_win
187,4,1187,x,x,Scissors,Scissors,Tie
187,5,1188,x,x,Scissors,Scissors,Tie
187,6,1189,s,p,Rock,Paper,B_win
188,1,1190,s,x,Rock,Scissors,A_win
188,2,1191,s,p,Rock,Paper,B_win
188,3,1192,x,s,Scissors,Rock,B_win
188,4,1193,s,p,Rock,Paper,B_win
189,1,1194,x,p,Scissors,Paper,A_win
189,2,1195,s,s,Rock,Rock,Tie
189,3,1196,p,x,Paper,Scissors,B_win
189,4,1197,s,s,Rock,Rock,Tie
189,5,1198,s,s,Rock,Rock,Tie
189,6,1199,s,x,Rock,Scissors,A_win
189,7,1200,p,p,Paper,Paper,Tie
189,8,1201,p,s,Paper,Rock,A_win
190,1,1202,x,s,Scissors,Rock,B_win
190,2,1203,p,s,Paper,Rock,A_win
190,3,1204,x,x,Scissors,Scissors,Tie
190,4,1205,s,p,Rock,Paper,B_win
190,5,1206,x,x,Scissors,Scissors,Tie
190,6,1207,p,p,Paper,Paper,Tie
190,7,1208,x,x,Scissors,Scissors,Tie
190,8,1209,p,p,Paper,Paper,Tie
190,9,1210,s,s,Rock,Rock,Tie
190,10,1211,x,p,Scissors,Paper,A_win
190,11,1212,p,x,Paper,Scissors,B_win
191,1,1213,x,s,Scissors,Rock,B_win
191,2,1214,p,x,Paper,Scissors,B_win
191,3,1215,p,s,Paper,Rock,A_win
191,4,1216,x,x,Scissors,Scissors,Tie
191,5,1217,s,x,Rock,Scissors,A_win
191,6,1218,p,p,Paper,Paper,Tie
191,7,1219,s,x,Rock,Scissors,A_win
192,1,1220,x,x,Scissors,Scissors,Tie
192,2,1221,s,p,Rock,Paper,B_win
192,3,1222,p,s,Paper,Rock,A_win
192,4,1223,p,s,Paper,Rock,A_win
192,5,1224,x,x,Scissors,Scissors,Tie
192,6,1225,x,x,Scissors,Scissors,Tie
192,7,1226,p,x,Paper,Scissors,B_win
192,8,1227,p,s,Paper,Rock,A_win
193,1,1228,x,x,Scissors,Scissors,Tie
193,2,1229,p,p,Paper,Paper,Tie
193,3,1230,s,x,Rock,Scissors,A_win
193,4,1231,x,p,Scissors,Paper,A_win
193,5,1232,x,x,Scissors,Scissors,Tie
193,6,1233,p,s,Paper,Rock,A_win
194,1,1234,s,x,Rock,Scissors,A_win
194,2,1235,x,s,Scissors,Rock,B_win
194,3,1236,p,s,Paper,Rock,A_win
194,4,1237,s,x,Rock,Scissors,A_win
195,1,1238,p,x,Paper,Scissors,B_win
195,2,1239,x,p,Scissors,Paper,A_win
195,3,1240,p,s,Paper,Rock,A_win
195,4,1241,s,x,Rock,Scissors,A_win
196,1,1242,s,x,Rock,Scissors,A_win
196,2,1243,s,s,Rock,Rock,Tie
196,3,1244,s,x,Rock,Scissors,A_win
196,4,1245,s,p,Rock,Paper,B_win
196,5,1246,s,p,Rock,Paper,B_win
196,6,1247,s,p,Rock,Paper,B_win
197,1,1248,x,s,Scissors,Rock,B_win
197,2,1249,s,p,Rock,Paper,B_win
197,3,1250,s,x,Rock,Scissors,A_win
197,4,1251,s,p,Rock,Paper,B_win
198,1,1252,s,x,Rock,Scissors,A_win
198,2,1253,p,s,Paper,Rock,A_win
198,3,1254,x,x,Scissors,Scissors,Tie
198,4,1255,p,p,Paper,Paper,Tie
198,5,1256,x,p,Scissors,Paper,A_win
199,1,1257,s,p,Rock,Paper,B_win
199,2,1258,x,x,Scissors,Scissors,Tie
199,3,1259,p,x,Paper,Scissors,B_win
199,4,1260,x,p,Scissors,Paper,A_win
199,5,1261,p,x,Paper,Scissors,B_win
200,1,1262,p,x,Paper,Scissors,B_win
200,2,1263,s,x,Rock,Scissors,A_win
200,3,1264,s,p,Rock,Paper,B_win
200,4,1265,x,x,Scissors,Scissors,Tie
200,5,1266,s,p,Rock,Paper,B_win
201,1,1267,x,x,Scissors,Scissors,Tie
201,2,1268,x,p,Scissors,Paper,A_win
201,3,1269,s,p,Rock,Paper,B_win
201,4,1270,p,s,Paper,Rock,A_win
201,5,1271,p,x,Paper,Scissors,B_win
201,6,1272,p,p,Paper,Paper,Tie
201,7,1273,p,p,Paper,Paper,Tie
201,8,1274,s,x,Rock,Scissors,A_win
202,1,1275,x,s,Scissors,Rock,B_win
202,2,1276,x,x,Scissors,Scissors,Tie
202,3,1277,p,p,Paper,Paper,Tie
202,4,1278,s,s,Rock,Rock,Tie
202,5,1279,s,s,Rock,Rock,Tie
202,6,1280,x,s,Scissors,Rock,B_win
203,1,1281,x,s,Scissors,Rock,B_win
203,2,1282,x,p,Scissors,Paper,A_win
203,3,1283,x,x,Scissors,Scissors,Tie
203,4,1284,p,x,Paper,Scissors,B_win
203,5,1285,s,p,Rock,Paper,B_win
204,1,1286,x,s,Scissors,Rock,B_win
204,2,1287,x,p,Scissors,Paper,A_win
204,3,1288,p,x,Paper,Scissors,B_win
204,4,1289,s,s,Rock,Rock,Tie
204,5,1290,s,x,Rock,Scissors,A_win
204,6,1291,s,x,Rock,Scissors,A_win
205,1,1292,x,p,Scissors,Paper,A_win
205,2,1293,x,p,Scissors,Paper,A_win
205,3,1294,s,s,Rock,Rock,Tie
205,4,1295,x,p,Scissors,Paper,A_win
206,1,1296,p,s,Paper,Rock,A_win
206,2,1297,s,s,Rock,Rock,Tie
206,3,1298,s,x,Rock,Scissors,A_win
206,4,1299,p,s,Paper,Rock,A_win
207,1,1300,x,s,Scissors,Rock,B_win
207,2,1301,s,p,Rock,Paper,B_win
207,3,1302,p,s,Paper,Rock,A_win
207,4,1303,s,p,Rock,Paper,B_win
208,1,1304,s,s,Rock,Rock,Tie
208,2,1305,s,p,Rock,Paper,B_win
208,3,1306,s,x,Rock,Scissors,A_win
208,4,1307,p,p,Paper,Paper,Tie
208,5,1308,s,s,Rock,Rock,Tie
208,6,1309,p,p,Paper,Paper,Tie
208,7,1310,x,x,Scissors,Scissors,Tie
208,8,1311,s,p,Rock,Paper,B_win
208,9,1312,s,x,Rock,Scissors,A_win
208,10,1313,p,s,Paper,Rock,A_win
209,1,1314,p,s,Paper,Rock,A_win
209,2,1315,x,s,Scissors,Rock,B_win
209,3,1316,s,s,Rock,Rock,Tie
209,4,1317,s,x,Rock,Scissors,A_win
209,5,1318,x,s,Scissors,Rock,B_win
209,6,1319,s,p,Rock,Paper,B_win
210,1,1320,x,x,Scissors,Scissors,Tie
210,2,1321,p,x,Paper,Scissors,B_win
210,3,1322,x,s,Scissors,Rock,B_win
210,4,1323,s,p,Rock,Paper,B_win
211,1,1324,x,s,Scissors,Rock,B_win
211,2,1325,p,p,Paper,Paper,Tie
211,3,1326,s,s,Rock,Rock,Tie
211,4,1327,p,x,Paper,Scissors,B_win
211,5,1328,x,s,Scissors,Rock,B_win
212,1,1329,x,s,Scissors,Rock,B_win
212,2,1330,s,p,Rock,Paper,B_win
212,3,1331,s,x,Rock,Scissors,A_win
212,4,1332,s,p,Rock,Paper,B_win
213,1,1333,p,s,Paper,Rock,A_win
213,2,1334,x,x,Scissors,Scissors,Tie
213,3,1335,x,x,Scissors,Scissors,Tie
213,4,1336,s,p,Rock,Paper,B_win
213,5,1337,p,s,Paper,Rock,A_win
213,6,1338,x,p,Scissors,Paper,A_win
214,1,1339,p,s,Paper,Rock,A_win
214,2,1340,s,s,Rock,Rock,Tie
214,3,1341,p,p,Paper,Paper,Tie
214,4,1342,s,x,Rock,Scissors,A_win
215,1,1343,s,x,Rock,Scissors,A_win
215,2,1344,p,p,Paper,Paper,Tie
215,3,1345,s,p,Rock,Paper,B_win
215,4,1346,x,p,Scissors,Paper,A_win
215,5,1347,p,x,Paper,Scissors,B_win
215,6,1348,s,p,Rock,Paper,B_win
216,1,1349,x,p,Scissors,Paper,A_win
216,2,1350,s,s,Rock,Rock,Tie
216,3,1351,s,p,Rock,Paper,B_win
216,4,1352,x,s,Scissors,Rock,B_win
217,1,1353,x,p,Scissors,Paper,A_win
217,2,1354,s,p,Rock,Paper,B_win
217,3,1355,x,s,Scissors,Rock,B_win
217,4,1356,x,x,Scissors,Scissors,Tie
217,5,1357,s,x,Rock,Scissors,A_win
217,6,1358,x,p,Scissors,Paper,A_win
218,1,1359,x,x,Scissors,Scissors,Tie
218,2,1360,s,x,Rock,Scissors,A_win
218,3,1361,p,p,Paper,Paper,Tie
218,4,1362,s,s,Rock,Rock,Tie
218,5,1363,p,s,Paper,Rock,A_win
218,6,1364,s,x,Rock,Scissors,A_win
219,1,1365,x,s,Scissors,Rock,B_win
219,2,1366,s,p,Rock,Paper,B_win
219,3,1367,s,p,Rock,Paper,B_win
220,1,1368,p,s,Paper,Rock,A_win
220,2,1369,x,x,Scissors,Scissors,Tie
220,3,1370,p,p,Paper,Paper,Tie
220,4,1371,s,s,Rock,Rock,Tie
220,5,1372,x,p,Scissors,Paper,A_win
220,6,1373,s,x,Rock,Scissors,A_win
220,7,1374,p,x,Paper,Scissors,B_win
220,8,1375,x,x,Scissors,Scissors,Tie
220,9,1376,s,s,Rock,Rock,Tie
220,10,1377,s,p,Rock,Paper,B_win
220,11,1378,x,x,Scissors,Scissors,Tie
220,12,1379,p,s,Paper,Rock,A_win
221,1,1380,s,x,Rock,Scissors,A_win
221,2,1381,s,s,Rock,Rock,Tie
221,3,1382,p,p,Paper,Paper,Tie
221,4,1383,s,x,Rock,Scissors,A_win
221,5,1384,p,p,Paper,Paper,Tie
221,6,1385,x,s,Scissors,Rock,B_win
221,7,1386,p,p,Paper,Paper,Tie
221,8,1387,x,x,Scissors,Scissors,Tie
221,9,1388,s,p,Rock,Paper,B_win
221,10,1389,x,p,Scissors,Paper,A_win
222,1,1390,x,s,Scissors,Rock,B_win
222,2,1391,s,x,Rock,Scissors,A_win
222,3,1392,p,s,Paper,Rock,A_win
222,4,1393,x,x,Scissors,Scissors,Tie
222,5,1394,s,p,Rock,Paper,B_win
222,6,1395,s,s,Rock,Rock,Tie
222,7,1396,x,p,Scissors,Paper,A_win
223,1,1397,x,p,Scissors,Paper,A_win
223,2,1398,x,x,Scissors,Scissors,Tie
223,3,1399,p,s,Paper,Rock,A_win
223,4,1400,x,p,Scissors,Paper,A_win
224,1,1401,s,s,Rock,Rock,Tie
224,2,1402,s,p,Rock,Paper,B_win
224,3,1403,x,s,Scissors,Rock,B_win
224,4,1404,s,p,Rock,Paper,B_win
225,1,1405,p,x,Paper,Scissors,B_win
225,2,1406,x,x,Scissors,Scissors,Tie
225,3,1407,p,x,Paper,Scissors,B_win
225,4,1408,x,s,Scissors,Rock,B_win
226,1,1409,p,s,Paper,Rock,A_win
226,2,1410,p,x,Paper,Scissors,B_win
226,3,1411,s,x,Rock,Scissors,A_win
226,4,1412,s,s,Rock,Rock,Tie
226,5,1413,x,x,Scissors,Scissors,Tie
226,6,1414,p,p,Paper,Paper,Tie
226,7,1415,x,x,Scissors,Scissors,Tie
226,8,1416,s,s,Rock,Rock,Tie
226,9,1417,p,s,Paper,Rock,A_win
227,1,1418,s,x,Rock,Scissors,A_win
227,2,1419,x,x,Scissors,Scissors,Tie
227,3,1420,s,s,Rock,Rock,Tie
227,4,1421,x,x,Scissors,Scissors,Tie
227,5,1422,p,p,Paper,Paper,Tie
227,6,1423,p,p,Paper,Paper,Tie
227,7,1424,s,x,Rock,Scissors,A_win
227,8,1425,p,s,Paper,Rock,A_win
227,9,1426,x,p,Scissors,Paper,A_win
228,1,1427,x,x,Scissors,Scissors,Tie
228,2,1428,p,p,Paper,Paper,Tie
228,3,1429,x,x,Scissors,Scissors,Tie
228,4,1430,p,p,Paper,Paper,Tie
228,5,1431,s,x,Rock,Scissors,A_win
228,6,1432,x,x,Scissors,Scissors,Tie
228,7,1433,p,s,Paper,Rock,A_win
228,8,1434,x,p,Scissors,Paper,A_win
229,1,1435,p,s,Paper,Rock,A_win
229,2,1436,x,p,Scissors,Paper,A_win
229,3,1437,p,s,Paper,Rock,A_win
230,1,1438,s,x,Rock,Scissors,A_win
230,2,1439,p,s,Paper,Rock,A_win
230,3,1440,s,s,Rock,Rock,Tie
230,4,1441,x,s,Scissors,Rock,B_win
230,5,1442,s,x,Rock,Scissors,A_win
231,1,1443,s,s,Rock,Rock,Tie
231,2,1444,s,s,Rock,Rock,Tie
231,3,1445,s,s,Rock,Rock,Tie
231,4,1446,s,p,Rock,Paper,B_win
231,5,1447,x,s,Scissors,Rock,B_win
231,6,1448,x,s,Scissors,Rock,B_win
232,1,1449,x,x,Scissors,Scissors,Tie
232,2,1450,x,p,Scissors,Paper,A_win
232,3,1451,p,x,Paper,Scissors,B_win
232,4,1452,x,p,Scissors,Paper,A_win
232,5,1453,s,s,Rock,Rock,Tie
232,6,1454,x,x,Scissors,Scissors,Tie
232,7,1455,s,p,Rock,Paper,B_win
232,8,1456,x,x,Scissors,Scissors,Tie
232,9,1457,s,p,Rock,Paper,B_win
233,1,1458,x,p,Scissors,Paper,A_win
233,2,1459,s,p,Rock,Paper,B_win
233,3,1460,p,x,Paper,Scissors,B_win
233,4,1461,x,p,Scissors,Paper,A_win
233,5,1462,s,x,Rock,Scissors,A_win
234,1,1463,x,x,Scissors,Scissors,Tie
234,2,1464,p,s,Paper,Rock,A_win
234,3,1465,x,s,Scissors,Rock,B_win
234,4,1466,p,x,Paper,Scissors,B_win
234,5,1467,s,s,Rock,Rock,Tie
234,6,1468,x,p,Scissors,Paper,A_win
234,7,1469,p,s,Paper,Rock,A_win
235,1,1470,x,x,Scissors,Scissors,Tie
235,2,1471,s,p,Rock,Paper,B_win
235,3,1472,x,x,Scissors,Scissors,Tie
235,4,1473,s,s,Rock,Rock,Tie
235,5,1474,p,p,Paper,Paper,Tie
235,6,1475,x,s,Scissors,Rock,B_win
235,7,1476,s,x,Rock,Scissors,A_win
235,8,1477,p,s,Paper,Rock,A_win
235,9,1478,x,p,Scissors,Paper,A_win
236,1,1479,s,x,Rock,Scissors,A_win
236,2,1480,x,p,Scissors,Paper,A_win
236,3,1481,p,x,Paper,Scissors,B_win
236,4,1482,s,p,Rock,Paper,B_win
236,5,1483,s,p,Rock,Paper,B_win
237,1,1484,s,p,Rock,Paper,B_win
237,2,1485,x,s,Scissors,Rock,B_win
237,3,1486,x,x,Scissors,Scissors,Tie
237,4,1487,x,p,Scissors,Paper,A_win
237,5,1488,p,x,Paper,Scissors,B_win
238,1,1489,s,p,Rock,Paper,B_win
238,2,1490,p,s,Paper,Rock,A_win
238,3,1491,x,s,Scissors,Rock,B_win
238,4,1492,s,p,Rock,Paper,B_win
239,1,1493,x,s,Scissors,Rock,B_win
239,2,1494,s,s,Rock,Rock,Tie
239,3,1495,p,s,Paper,Rock,A_win
239,4,1496,x,x,Scissors,Scissors,Tie
239,5,1497,x,s,Scissors,Rock,B_win
239,6,1498,s,s,Rock,Rock,Tie
239,7,1499,s,x,Rock,Scissors,A_win
239,8,1500,x,x,Scissors,Scissors,Tie
239,9,1501,p,x,Paper,Scissors,B_win
240,1,1502,p,x,Paper,Scissors,B_win
240,2,1503,p,s,Paper,Rock,A_win
240,3,1504,p,s,Paper,Rock,A_win
240,4,1505,p,p,Paper,Paper,Tie
240,5,1506,p,p,Paper,Paper,Tie
240,6,1507,s,x,Rock,Scissors,A_win
241,1,1508,p,s,Paper,Rock,A_win
241,2,1509,x,x,Scissors,Scissors,Tie
241,3,1510,p,p,Paper,Paper,Tie
241,4,1511,x,s,Scissors,Rock,B_win
241,5,1512,p,s,Paper,Rock,A_win
241,6,1513,x,x,Scissors,Scissors,Tie
241,7,1514,p,p,Paper,Paper,Tie
241,8,1515,p,p,Paper,Paper,Tie
241,9,1516,s,p,Rock,Paper,B_win
241,10,1517,x,p,Scissors,Paper,A_win
242,1,1518,x,x,Scissors,Scissors,Tie
242,2,1519,s,x,Rock,Scissors,A_win
242,3,1520,x,p,Scissors,Paper,A_win
242,4,1521,p,s,Paper,Rock,A_win
243,1,1522,x,x,Scissors,Scissors,Tie
243,2,1523,s,x,Rock,Scissors,A_win
243,3,1524,p,p,Paper,Paper,Tie
243,4,1525,p,s,Paper,Rock,A_win
243,5,1526,p,x,Paper,Scissors,B_win
243,6,1527,p,p,Paper,Paper,Tie
243,7,1528,p,x,Paper,Scissors,B_win
243,8,1529,s,x,Rock,Scissors,A_win
